{
  "camera": {
    "intrinsics": {
      "fx": 1171.2755126953,
      "fy": 1170.4400634766,
      "cx": 970.1624145508,
      "cy": 542.5263671875,
      "width": 1920,
      "height": 1080
    }
  },
  "annotation": {
    "class_name": "gaiban",
    "dimensions": [
      0.1,
      0.05759,
      0.1
    ]
  }
}
