{
  "fx": 1171.2755126953,
  "fy": 1170.4400634766,
  "cx": 970.1624145508,
  "cy": 542.5263671875,
  "width": 1920,
  "height": 1080
}
